Episode,Cumulative Reward,Episode Length,Entropy
1,38.49999999999999,20,0.06400998872704804
2,38.49999999999999,20,0.06006941362284124
3,38.49999999999999,20,0.11773910857737065
4,38.49999999999999,20,0.15827204752713442
5,37.89999999999999,20,0.2134073802269995
6,38.49999999999999,20,0.11627195682376623
7,38.49999999999999,20,0.06002121977508068
8,38.49999999999999,20,0.11853058272972702
9,38.49999999999999,20,0.08264432325959206
10,38.49999999999999,20,0.13539115320891143
11,38.49999999999999,20,0.07484059371054172
12,38.49999999999999,20,0.0578518258407712
13,38.49999999999999,20,0.20508585795760154
14,37.89999999999999,20,0.22428828123956918
15,38.49999999999999,20,0.0631424471270293
16,38.49999999999999,20,0.08631983916275203
17,38.49999999999999,20,0.06664706435985863
18,38.49999999999999,20,0.11648609191179275
19,38.49999999999999,20,0.13393036555498838
20,38.49999999999999,20,0.07947918325662613
21,38.49999999999999,20,0.06933971047401429
22,38.49999999999999,20,0.08343616519123316
23,38.49999999999999,20,0.0532106383703649
24,38.49999999999999,20,0.08787468862719834
25,38.49999999999999,20,0.0575240250211209
26,38.49999999999999,20,0.06509460960514843
27,38.49999999999999,20,0.05732640400528908
28,37.7,20,0.3203194495290518
29,38.49999999999999,20,0.09420443922281266
30,38.49999999999999,20,0.06373612284660339
31,38.49999999999999,20,0.060665041813626884
32,38.49999999999999,20,0.0652477971278131
33,38.49999999999999,20,0.14091793978586792
34,38.49999999999999,20,0.0899749357253313
35,37.300000000000004,20,0.3909171879291534
36,38.49999999999999,20,0.06061156550422311
37,38.49999999999999,20,0.06657154364511371
38,38.49999999999999,20,0.06164926053024829
39,38.49999999999999,20,0.07734827548265458
40,38.49999999999999,20,0.11785882441326975
41,38.49999999999999,20,0.1424169225618243
42,38.49999999999999,20,0.08330465825274587
43,38.49999999999999,20,0.06629893770441413
44,38.49999999999999,20,0.07500321101397275
45,38.49999999999999,20,0.0775773782748729
46,38.49999999999999,20,0.15420684749260544
47,38.49999999999999,20,0.10594740547239781
48,38.49999999999999,20,0.06274605304934085
49,38.49999999999999,20,0.06382524413056671
50,38.49999999999999,20,0.06115851937793195
51,38.49999999999999,20,0.09122041380032897
52,38.49999999999999,20,0.08806502595543861
53,38.49999999999999,20,0.0799492214806378
54,38.49999999999999,20,0.050052655627951026
55,38.1,20,0.15277735833078623
56,38.49999999999999,20,0.11041654478758574
57,38.49999999999999,20,0.07544771046377718
58,38.49999999999999,20,0.06205729362554848
59,38.49999999999999,20,0.05584932523779571
60,38.49999999999999,20,0.07042975444346666
61,38.49999999999999,20,0.08272896064445376
62,38.49999999999999,20,0.057607197156175974
63,38.49999999999999,20,0.058590504620224235
64,38.49999999999999,20,0.09270257093012332
65,38.49999999999999,20,0.07808183836750686
66,38.49999999999999,20,0.059236396895721556
67,38.49999999999999,20,0.08753559337928891
68,38.49999999999999,20,0.06133157638832927
69,38.49999999999999,20,0.05588929527439177
70,38.49999999999999,20,0.062798633845523
71,38.49999999999999,20,0.07669884599745273
72,38.49999999999999,20,0.08414998138323426
73,38.49999999999999,20,0.08006800762377679
74,38.49999999999999,20,0.08217509090900421
75,38.49999999999999,20,0.09395440649241209
76,38.49999999999999,20,0.1331836897879839
77,38.49999999999999,20,0.0698208938818425
78,38.49999999999999,20,0.06605444164015353
79,38.49999999999999,20,0.14826591331511735
80,38.49999999999999,20,0.06511769760400057
81,38.49999999999999,20,0.13460360020399093
82,37.900000000000006,20,0.33014656230807304
83,38.49999999999999,20,0.0631659749429673
84,38.49999999999999,20,0.057451266096904874
85,38.49999999999999,20,0.1630318036302924
86,38.49999999999999,20,0.18559378245845437
87,38.49999999999999,20,0.18908887691795825
88,38.49999999999999,20,0.18081475216895343
89,38.49999999999999,20,0.10507174339145423
90,38.49999999999999,20,0.07474006181582808
91,38.49999999999999,20,0.1158239085227251
92,38.49999999999999,20,0.08279384365305305
93,38.49999999999999,20,0.13552834624424576
94,38.49999999999999,20,0.09059333391487598
95,38.49999999999999,20,0.06946205589920282
96,38.49999999999999,20,0.1265149237588048
97,38.49999999999999,20,0.15754947988316417
98,38.1,20,0.26185089647769927
99,38.49999999999999,20,0.06137114972807467
100,38.49999999999999,20,0.13975746165961028
101,38.49999999999999,20,0.137939890101552
102,38.49999999999999,20,0.061964361323043705
103,38.49999999999999,20,0.05432451511733234
104,38.49999999999999,20,0.14457826633006335
105,38.49999999999999,20,0.08455675169825554
106,38.49999999999999,20,0.09600465875118971
107,38.49999999999999,20,0.07211780636571348
108,38.49999999999999,20,0.06350020286627114
109,38.49999999999999,20,0.0674729130230844
110,38.49999999999999,20,0.07855981355533004
111,38.49999999999999,20,0.06393743143416941
112,38.49999999999999,20,0.05185135114006698
113,38.49999999999999,20,0.05723385610617697
114,38.49999999999999,20,0.05639308136887848
115,38.49999999999999,20,0.06426867824047804
116,38.49999999999999,20,0.07533202152699232
117,38.49999999999999,20,0.058592278975993395
118,38.49999999999999,20,0.100048962328583
119,38.49999999999999,20,0.060839444817975166
120,38.49999999999999,20,0.06122368364594877
121,38.49999999999999,20,0.10849283700808883
122,38.49999999999999,20,0.07928228667005896
123,38.49999999999999,20,0.18298146389424802
124,38.49999999999999,20,0.0624434775672853
125,37.89999999999999,20,0.20835107835009695
126,38.49999999999999,20,0.12405713982880115
127,37.900000000000006,20,0.2842221539467573
128,38.49999999999999,20,0.05301996129564941
129,38.49999999999999,20,0.06571920053102076
130,38.49999999999999,20,0.1521285269409418
131,38.49999999999999,20,0.0799429035745561
132,38.49999999999999,20,0.07532009184360504
133,38.49999999999999,20,0.15368854403495788
134,38.49999999999999,20,0.1200682045891881
135,38.49999999999999,20,0.08887356445193291
136,38.49999999999999,20,0.09957802402786911
137,38.49999999999999,20,0.054639621451497075
138,38.49999999999999,20,0.08329494399949908
139,38.49999999999999,20,0.06109375138767063
140,38.49999999999999,20,0.05768386172130704
141,38.49999999999999,20,0.06084544598124921
142,38.49999999999999,20,0.059788683289662005
143,38.49999999999999,20,0.06038023666478694
144,38.49999999999999,20,0.07369443727657199
145,38.49999999999999,20,0.0859268463216722
146,38.49999999999999,20,0.09967082031071187
147,38.49999999999999,20,0.07649211771786213
148,38.49999999999999,20,0.08975309263914824
149,38.49999999999999,20,0.0826682318933308
150,38.49999999999999,20,0.058164910832419994
151,38.49999999999999,20,0.05335977748036384
152,37.89999999999999,20,0.22734312871471046
153,38.49999999999999,20,0.0779038107022643
154,38.49999999999999,20,0.06299029598012566
155,38.49999999999999,20,0.058044070517644285
156,38.49999999999999,20,0.07393799442797899
157,38.49999999999999,20,0.09115586690604686
158,38.49999999999999,20,0.06096111792139709
159,38.49999999999999,20,0.12480405364185572
160,38.49999999999999,20,0.0814511991571635
161,38.49999999999999,20,0.09345635250210763
162,38.49999999999999,20,0.06259733326733112
163,38.49999999999999,20,0.08124863840639591
164,38.49999999999999,20,0.11388503294438124
165,38.49999999999999,20,0.16489022970199585
166,38.49999999999999,20,0.11940146842971444
167,38.49999999999999,20,0.09337406679987907
168,37.89999999999999,20,0.25114538464695213
169,38.49999999999999,20,0.174710026755929
170,38.49999999999999,20,0.07071232227608562
171,38.49999999999999,20,0.08908104016445577
172,38.49999999999999,20,0.060745487734675405
173,38.49999999999999,20,0.053781562857329844
174,38.49999999999999,20,0.061589270504191516
175,38.49999999999999,20,0.1322755167260766
176,38.49999999999999,20,0.10105046667158604
177,38.49999999999999,20,0.062458189809694885
178,38.49999999999999,20,0.08058350430801511
179,38.49999999999999,20,0.15410327203571797
180,38.49999999999999,20,0.21949782334268092
181,38.49999999999999,20,0.05866975961253047
182,38.49999999999999,20,0.23237818647176028
183,38.49999999999999,20,0.10475203823298215
184,37.89999999999999,20,0.3115155531093478
185,38.49999999999999,20,0.07342299176380038
186,38.49999999999999,20,0.0638686272315681
187,38.1,20,0.3078111458569765
188,38.49999999999999,20,0.05559564963914454
189,38.49999999999999,20,0.07552912700921297
190,38.49999999999999,20,0.06858056425116957
191,38.49999999999999,20,0.1846594860777259
192,37.7,20,0.46832452826201915
193,38.49999999999999,20,0.0932955164462328
194,38.49999999999999,20,0.09206780516542494
195,38.49999999999999,20,0.12370267994701863
196,38.1,20,0.2516979567706585
197,38.49999999999999,20,0.08630315624177456
198,37.89999999999999,20,0.25218007219955324
199,38.49999999999999,20,0.07735232301056386
200,38.49999999999999,20,0.07353147137910128
201,37.7,20,0.25347793493419885
202,38.49999999999999,20,0.2314205788075924
203,38.49999999999999,20,0.07343157473951578
204,38.49999999999999,20,0.0743775156326592
205,38.49999999999999,20,0.2082404512912035
206,38.49999999999999,20,0.06214536908082664
207,38.49999999999999,20,0.06534278825856746
208,38.49999999999999,20,0.16410389579832554
209,37.69999999999999,20,0.22706094831228257
210,38.49999999999999,20,0.056866113049909475
211,38.49999999999999,20,0.060246065445244315
212,37.900000000000006,20,0.28263058327138424
213,38.49999999999999,20,0.0619007715024054
214,38.49999999999999,20,0.078056950122118
215,38.49999999999999,20,0.12063771625980735
216,38.49999999999999,20,0.14712812714278697
217,38.49999999999999,20,0.1372864161618054
218,37.699999999999996,20,0.31904329527169467
219,38.49999999999999,20,0.1953076569363475
220,38.49999999999999,20,0.06108006276190281
221,38.49999999999999,20,0.08815621193498373
222,38.49999999999999,20,0.06172055937349796
223,38.49999999999999,20,0.07679009921848774
224,38.49999999999999,20,0.061723030731081964
225,38.49999999999999,20,0.0703397698700428
226,38.49999999999999,20,0.08389130081050097
227,37.89999999999999,20,0.24005462285131215
228,38.49999999999999,20,0.11989600220695137
229,38.49999999999999,20,0.05898693851195276
230,38.49999999999999,20,0.08238511774688959
231,38.49999999999999,20,0.10869907028973103
232,37.7,20,0.305577851831913
233,38.49999999999999,20,0.098884829133749
234,37.50000000000001,20,0.3344567000865936
235,38.49999999999999,20,0.07738243695348501
236,37.89999999999999,20,0.2540466483682394
237,38.49999999999999,20,0.2155384455807507
238,38.49999999999999,20,0.13474087938666343
239,38.49999999999999,20,0.06907421350479126
240,38.49999999999999,20,0.06737762354314328
241,38.49999999999999,20,0.0852152933832258
242,38.49999999999999,20,0.17589621022343635
243,38.49999999999999,20,0.06264874269254506
244,38.49999999999999,20,0.09024552227929235
245,38.49999999999999,20,0.062088583689183
246,38.49999999999999,20,0.07702412931248545
247,38.49999999999999,20,0.05900180614553392
248,38.49999999999999,20,0.08397709857672453
249,38.49999999999999,20,0.08552880613133311
250,37.1,20,0.2760004381649196
251,38.49999999999999,20,0.05411165594123304
252,38.49999999999999,20,0.0715543138794601
253,37.89999999999999,20,0.24340740581974388
254,38.49999999999999,20,0.06894980752840638
255,38.49999999999999,20,0.0682982075959444
256,38.49999999999999,20,0.07068590316921472
257,38.49999999999999,20,0.060021947929635645
258,38.49999999999999,20,0.07261839141137898
259,38.49999999999999,20,0.1449854737147689
260,38.1,20,0.31324718333780766
261,38.49999999999999,20,0.11049135029315948
262,38.49999999999999,20,0.05641115373000503
263,38.49999999999999,20,0.07264868142083288
264,38.49999999999999,20,0.14003316909074784
265,38.49999999999999,20,0.058793938672170046
266,38.49999999999999,20,0.05924931862391532
267,38.49999999999999,20,0.16481257025152446
268,38.49999999999999,20,0.20337528847157954
269,38.49999999999999,20,0.08835923597216606
270,38.49999999999999,20,0.06531826732680202
271,38.49999999999999,20,0.06015794388949871
272,38.49999999999999,20,0.1201760376803577
273,37.7,20,0.3665134564042091
274,38.49999999999999,20,0.07470261231064797
275,38.49999999999999,20,0.14986200891435147
276,38.49999999999999,20,0.06603048341348768
277,38.49999999999999,20,0.07774939080700279
278,38.49999999999999,20,0.06197030344046652
279,38.49999999999999,20,0.07015347983688117
280,38.49999999999999,20,0.055203846329823135
281,38.49999999999999,20,0.06702891336753965
282,38.49999999999999,20,0.06354714394547045
283,38.49999999999999,20,0.06769818314351142
284,38.49999999999999,20,0.06091953800059855
285,38.49999999999999,20,0.07339691990055144
286,38.49999999999999,20,0.06475084405392409
287,38.1,20,0.17987820599228144
288,38.49999999999999,20,0.07311417777091264
289,38.49999999999999,20,0.07740146671421826
290,38.49999999999999,20,0.08239080337807536
291,38.49999999999999,20,0.06675887103192508
292,37.7,20,0.36516867876052855
293,38.49999999999999,20,0.09361728057265281
294,38.49999999999999,20,0.06472612558864058
295,38.49999999999999,20,0.23758416436612606
296,38.49999999999999,20,0.07024837746284902
297,38.1,20,0.28258475232869384
298,38.49999999999999,20,0.0578495885245502
299,38.49999999999999,20,0.05785152614116669
300,38.49999999999999,20,0.1786906573921442
301,38.49999999999999,20,0.06209966619499028
302,38.1,20,0.28806287683546544
303,37.89999999999999,20,0.2383968848735094
304,38.49999999999999,20,0.06671419870108367
305,38.49999999999999,20,0.11885584080591798
306,38.49999999999999,20,0.06020400417037308
307,38.49999999999999,20,0.09820835646241903
308,38.49999999999999,20,0.0898776246700436
309,38.49999999999999,20,0.06092514647170901
310,38.49999999999999,20,0.16081756353378296
311,38.1,20,0.29426216185092924
312,38.49999999999999,20,0.11419432684779167
313,38.49999999999999,20,0.06214010608382523
314,38.49999999999999,20,0.12722749393433333
315,38.49999999999999,20,0.06268213959410787
316,38.49999999999999,20,0.11596431024372578
317,38.49999999999999,20,0.08601706749759615
318,38.49999999999999,20,0.06896401755511761
319,38.49999999999999,20,0.06507723852992058
320,38.49999999999999,20,0.10287165902554989
321,38.49999999999999,20,0.09968347735702991
322,38.49999999999999,20,0.18241471014916896
323,38.1,20,0.18433966720476747
324,38.49999999999999,20,0.0815172621048987
325,38.49999999999999,20,0.07249538712203503
326,38.49999999999999,20,0.06218048240989447
327,38.49999999999999,20,0.08560148151591421
328,38.49999999999999,20,0.058582248212769625
329,38.49999999999999,20,0.06724777789786458
330,38.49999999999999,20,0.07233112035319209
331,38.49999999999999,20,0.15393602922558786
332,38.49999999999999,20,0.061048740847036244
333,38.49999999999999,20,0.06432839189656078
334,38.49999999999999,20,0.07818987513892353
335,38.49999999999999,20,0.18154722824692726
336,37.7,20,0.299908871948719
337,38.49999999999999,20,0.10188907352276147
338,38.49999999999999,20,0.12483677510172128
339,38.49999999999999,20,0.05971905896440148
340,38.49999999999999,20,0.06214808984659612
341,38.1,20,0.37288977205753326
342,38.49999999999999,20,0.17844084277749062
343,38.49999999999999,20,0.07090957826003433
344,38.49999999999999,20,0.0636797897517681
345,38.49999999999999,20,0.25669907219707966
346,38.49999999999999,20,0.17067962773144246
347,38.49999999999999,20,0.0518150495365262
348,38.49999999999999,20,0.08225284274667502
349,38.49999999999999,20,0.05719003886915743
350,38.49999999999999,20,0.08064539264887571
351,38.49999999999999,20,0.09255509795621038
352,38.49999999999999,20,0.1452084330841899
353,38.1,20,0.2734621956944466
354,38.49999999999999,20,0.08583072205074131
355,38.49999999999999,20,0.09457591529935598
356,38.49999999999999,20,0.17681587301194668
357,37.7,20,0.39300127476453783
358,38.49999999999999,20,0.1503370400518179
359,38.49999999999999,20,0.06072003203444183
360,38.49999999999999,20,0.16579816360026597
361,37.89999999999999,20,0.20634653763845562
362,38.49999999999999,20,0.11254267217591404
363,38.49999999999999,20,0.1659474715590477
364,38.1,20,0.3535852929577231
365,38.49999999999999,20,0.18417918011546136
366,38.49999999999999,20,0.06638294118456542
367,37.300000000000004,20,0.32983641028404237
368,38.49999999999999,20,0.06631785137578845
369,38.49999999999999,20,0.07593862190842629
370,37.699999999999996,20,0.32113563902676107
371,38.49999999999999,20,0.06067821974866092
372,38.49999999999999,20,0.08526365743018686
373,38.49999999999999,20,0.05852704900316894
374,38.49999999999999,20,0.07915173503570258
375,38.49999999999999,20,0.06415741499513387
376,38.49999999999999,20,0.062050592107698324
377,38.49999999999999,20,0.0652467747218907
378,38.49999999999999,20,0.09695393033325672
379,38.49999999999999,20,0.06647580694407225
380,38.49999999999999,20,0.06146876006387174
381,38.49999999999999,20,0.053425726993009445
382,38.49999999999999,20,0.09491602494381368
383,38.49999999999999,20,0.06887700967490673
384,38.49999999999999,20,0.060023289965465666
385,38.49999999999999,20,0.14680680483579636
386,38.49999999999999,20,0.1377403549849987
387,38.49999999999999,20,0.08868656223639845
388,38.49999999999999,20,0.06880854894407093
389,38.49999999999999,20,0.12237996924668551
390,38.49999999999999,20,0.05852318089455366
391,38.49999999999999,20,0.09544213265180587
392,37.900000000000006,20,0.2906344771385193
393,38.49999999999999,20,0.09587119789794088
394,38.49999999999999,20,0.07896803421899676
395,38.49999999999999,20,0.061608564713969825
396,38.49999999999999,20,0.054148966120555996
397,38.49999999999999,20,0.0664882343262434
398,37.89999999999999,20,0.2704734759405255
399,38.49999999999999,20,0.08746699686162174
400,38.49999999999999,20,0.09234469495713711
401,38.49999999999999,20,0.07867341171950101
402,38.49999999999999,20,0.1837527196854353
403,38.49999999999999,20,0.15584136508405208
404,38.49999999999999,20,0.12332988865673541
405,38.49999999999999,20,0.06599819101393223
406,38.49999999999999,20,0.16213448122143745
407,38.49999999999999,20,0.12205182816833257
408,38.49999999999999,20,0.05685226167552173
409,38.1,20,0.28373289331793783
410,38.49999999999999,20,0.058980482164770365
411,38.49999999999999,20,0.08996554538607597
412,38.1,20,0.27279969565570356
413,38.49999999999999,20,0.06418467685580254
414,38.49999999999999,20,0.05794444680213928
415,38.49999999999999,20,0.08983405083417892
416,38.49999999999999,20,0.06161217908374965
417,38.49999999999999,20,0.05099574527703225
418,38.49999999999999,20,0.3032483536750078
419,38.49999999999999,20,0.07850757436826825
420,38.49999999999999,20,0.11550587974488735
421,38.49999999999999,20,0.13581281639635562
422,38.1,20,0.17491283733397722
423,38.49999999999999,20,0.25626902654767036
424,38.49999999999999,20,0.06010560337454081
425,37.7,20,0.3128354012966156
426,37.300000000000004,20,0.35679604224860667
427,38.49999999999999,20,0.0632956507615745
428,38.49999999999999,20,0.10685022557154297
429,38.49999999999999,20,0.08800435829907656
430,38.49999999999999,20,0.06231577591970563
431,38.49999999999999,20,0.21064724251627923
432,38.49999999999999,20,0.05255484362132847
433,38.49999999999999,20,0.14363213274627923
434,38.1,20,0.20943999327719212
435,38.49999999999999,20,0.05300980568863452
436,38.49999999999999,20,0.0660931121557951
437,38.49999999999999,20,0.05786003661341965
438,38.49999999999999,20,0.16773877590894698
439,38.49999999999999,20,0.1117885715328157
440,38.49999999999999,20,0.06502418243326247
441,38.49999999999999,20,0.06788052245974541
442,38.49999999999999,20,0.12668234016746283
443,38.49999999999999,20,0.05644747568294406
444,38.49999999999999,20,0.06804511202499271
445,38.49999999999999,20,0.06808635843917728
446,38.49999999999999,20,0.05961953573860228
447,37.7,20,0.40661790743470194
448,38.49999999999999,20,0.1151027811691165
449,38.49999999999999,20,0.12970881536602974
450,38.49999999999999,20,0.08327254662290215
451,38.49999999999999,20,0.07795536387711763
452,38.49999999999999,20,0.07327934382483363
453,38.49999999999999,20,0.07329453276470303
454,38.49999999999999,20,0.052368967421352865
455,38.49999999999999,20,0.08349895589053631
456,38.49999999999999,20,0.06777467499487103
457,38.49999999999999,20,0.06587456907145679
458,38.49999999999999,20,0.139694944024086
459,38.49999999999999,20,0.0599043651483953
460,38.49999999999999,20,0.20806235894560815
461,38.49999999999999,20,0.05708579523488879
462,38.49999999999999,20,0.0854127428960055
463,38.49999999999999,20,0.10820273198187351
464,38.49999999999999,20,0.08561192275956273
465,38.49999999999999,20,0.08272011587396264
466,38.49999999999999,20,0.21582727283239364
467,38.49999999999999,20,0.052946748491376636
468,38.49999999999999,20,0.0625939062796533
469,38.49999999999999,20,0.09180561010725796
470,38.1,20,0.18968651499599218
471,38.49999999999999,20,0.0621350621804595
472,38.49999999999999,20,0.07224969854578375
473,38.49999999999999,20,0.07920084400102496
474,38.49999999999999,20,0.08566303607076406
475,38.49999999999999,20,0.08560784943401814
476,38.49999999999999,20,0.11684569120407104
477,38.49999999999999,20,0.07949661067686975
478,38.49999999999999,20,0.14525162614881992
479,38.49999999999999,20,0.06039686878211796
480,38.49999999999999,20,0.12377850469201804
481,38.49999999999999,20,0.11696350555866956
482,38.49999999999999,20,0.07395841889083385
483,38.1,20,0.3923895388841629
484,38.1,20,0.23989412970840931
485,38.49999999999999,20,0.1657478965818882
486,38.49999999999999,20,0.19932818189263343
487,38.49999999999999,20,0.08344157161191106
488,38.49999999999999,20,0.07674519652500748
489,38.49999999999999,20,0.085558545216918
490,38.49999999999999,20,0.08793056905269622
491,38.49999999999999,20,0.06747133792378009
492,38.49999999999999,20,0.06989190843887627
493,37.89999999999999,20,0.21297428011894226
494,37.89999999999999,20,0.17290854621678592
495,38.49999999999999,20,0.06327846576459706
496,38.49999999999999,20,0.06196429980918765
497,38.49999999999999,20,0.06242997669614851
498,38.1,20,0.29141440950334074
499,38.49999999999999,20,0.06453158287331462
500,38.49999999999999,20,0.07555867033079267
501,38.49999999999999,20,0.07412900095805526
502,38.49999999999999,20,0.09286355897784233
503,38.49999999999999,20,0.07896308619529009
504,38.49999999999999,20,0.057926502218469976
505,38.49999999999999,20,0.09462952017784118
506,38.49999999999999,20,0.08122271746397018
507,38.49999999999999,20,0.06231350107118487
508,38.49999999999999,20,0.11532227657735347
509,38.49999999999999,20,0.07205708678811788
510,38.49999999999999,20,0.07603787719272077
511,38.49999999999999,20,0.07520471336320042
512,38.49999999999999,20,0.09202505443245172
513,38.49999999999999,20,0.05412929891608655
514,38.49999999999999,20,0.09283339502289892
515,38.49999999999999,20,0.09040876468643547
516,38.49999999999999,20,0.08331450736150145
517,38.49999999999999,20,0.058624571189284325
518,38.49999999999999,20,0.0624146587215364
519,38.49999999999999,20,0.05625472776591778
520,38.49999999999999,20,0.06959462463855744
521,38.49999999999999,20,0.05829158830456436
522,38.49999999999999,20,0.06315532908774912
523,38.49999999999999,20,0.07333940351381898
524,38.49999999999999,20,0.05570844928734005
525,37.7,20,0.39211653396487234
526,38.49999999999999,20,0.06055351705290377
527,38.49999999999999,20,0.0951179290190339
528,38.49999999999999,20,0.09299973249435425
529,38.49999999999999,20,0.10569355147890747
530,38.49999999999999,20,0.0603580629453063
531,38.49999999999999,20,0.060529342666268346
532,38.49999999999999,20,0.08158170059323311
533,38.49999999999999,20,0.05328373657539487
534,38.49999999999999,20,0.09250505836680531
535,38.49999999999999,20,0.15606267116963862
536,38.49999999999999,20,0.28237958420068027
537,38.49999999999999,20,0.05637314920313656
538,38.49999999999999,20,0.06165730352513492
539,38.49999999999999,20,0.28407872635871173
540,38.49999999999999,20,0.05519354520365596
541,38.1,20,0.21762404218316078
542,38.49999999999999,20,0.15650698337703944
543,38.49999999999999,20,0.10887974007055164
544,38.49999999999999,20,0.1637064812704921
545,38.49999999999999,20,0.059415493300184606
546,38.49999999999999,20,0.05427861432544887
547,38.49999999999999,20,0.07050626249983907
548,38.49999999999999,20,0.05983530040830374
549,38.1,20,0.2942271653562784
550,38.49999999999999,20,0.08012951109558344
551,37.89999999999999,20,0.1837444670498371
552,38.49999999999999,20,0.17322774268686772
553,38.49999999999999,20,0.07889417745172977
554,38.49999999999999,20,0.059200323885306716
555,38.49999999999999,20,0.21636294601485134
556,38.49999999999999,20,0.07459655962884426
557,38.49999999999999,20,0.09802217315882444
558,38.49999999999999,20,0.27335708383470775
559,38.49999999999999,20,0.05795017927885056
560,38.49999999999999,20,0.08098274427466094
561,38.49999999999999,20,0.06080150487832725
562,37.7,20,0.3518066670745611
563,38.49999999999999,20,0.19284951984882354
564,38.1,20,0.2955467576161027
565,38.49999999999999,20,0.06457654740661382
566,38.49999999999999,20,0.07626834907568991
567,38.49999999999999,20,0.06246468760073185
568,38.49999999999999,20,0.08134146649390459
569,38.49999999999999,20,0.11323258383199572
570,38.49999999999999,20,0.1229162178002298
571,38.1,20,0.3482648726552725
572,38.49999999999999,20,0.08123492593877017
573,38.49999999999999,20,0.2149535129778087
574,38.49999999999999,20,0.06427080170251429
575,38.49999999999999,20,0.06187982331030071
576,38.49999999999999,20,0.13271986925974488
577,38.49999999999999,20,0.06781051000580192
578,38.49999999999999,20,0.062359714321792124
579,38.49999999999999,20,0.16917542852461337
580,38.49999999999999,20,0.13256807662546635
581,38.49999999999999,20,0.05839297259226441
582,38.1,20,0.42001288421452043
583,38.49999999999999,20,0.08876349842175842
584,38.49999999999999,20,0.058928828500211236
585,38.49999999999999,20,0.06199244973249733
586,38.1,20,0.18784873634576799
587,38.49999999999999,20,0.17272625360637903
588,38.49999999999999,20,0.13869803436100483
589,38.49999999999999,20,0.09594003232195973
590,38.49999999999999,20,0.05943766245618463
591,38.49999999999999,20,0.16020231507718563
592,38.49999999999999,20,0.061499743210151794
593,38.49999999999999,20,0.055823875078931454
594,38.49999999999999,20,0.08977026846259832
595,38.49999999999999,20,0.05962290433235466
596,38.49999999999999,20,0.08265329096466303
597,38.49999999999999,20,0.06262612887658178
598,38.49999999999999,20,0.09919379940256476
599,38.49999999999999,20,0.1208801765460521
600,37.3,20,0.3710879985243082
601,38.49999999999999,20,0.05594644541852176
602,38.49999999999999,20,0.06397010548971593
603,38.49999999999999,20,0.07066119331866502
604,38.49999999999999,20,0.06981196906417608
605,38.49999999999999,20,0.08450237419456244
606,38.49999999999999,20,0.07927763732150198
607,38.49999999999999,20,0.07256877166219056
608,37.89999999999999,20,0.15734352907165886
609,38.49999999999999,20,0.0915202301926911
610,38.49999999999999,20,0.1427397965453565
611,38.49999999999999,20,0.09253984931856393
612,38.49999999999999,20,0.07036681706085801
613,38.49999999999999,20,0.05697151198983193
614,38.49999999999999,20,0.07648005364462733
615,38.49999999999999,20,0.12782116420567036
616,38.49999999999999,20,0.09166609719395638
617,38.49999999999999,20,0.08109785048291088
618,38.49999999999999,20,0.13308645952492953
619,38.49999999999999,20,0.061077785305678846
620,38.49999999999999,20,0.05483116637915373
621,37.49999999999999,20,0.35397386737167835
622,38.49999999999999,20,0.06046610870398581
623,38.49999999999999,20,0.10340899825096131
624,38.49999999999999,20,0.0635954868979752
625,38.49999999999999,20,0.05670109861530363
626,38.49999999999999,20,0.06486194874159992
627,38.49999999999999,20,0.12372423689812422
628,38.49999999999999,20,0.11636223830282688
629,38.49999999999999,20,0.06592922555282713
630,38.49999999999999,20,0.10478175450116396
631,38.49999999999999,20,0.0812159052118659
632,38.49999999999999,20,0.0625501827802509
633,38.49999999999999,20,0.06383262583985924
634,38.49999999999999,20,0.07376473480835558
635,38.49999999999999,20,0.08347063511610031
636,38.49999999999999,20,0.08261338146403432
637,38.49999999999999,20,0.060623217932879926
638,38.49999999999999,20,0.2141735890880227
639,38.49999999999999,20,0.07968191802501678
640,38.49999999999999,20,0.08959173811599612
641,38.49999999999999,20,0.11333650881424547
642,38.49999999999999,20,0.057737992610782385
643,38.49999999999999,20,0.060002742987126115
644,38.49999999999999,20,0.0660437537357211
645,38.49999999999999,20,0.05948474025353789
646,38.49999999999999,20,0.1507450992241502
647,38.49999999999999,20,0.16643232200294733
648,38.49999999999999,20,0.06274944180622696
649,38.49999999999999,20,0.09348867069929838
650,38.49999999999999,20,0.10392557997256517
651,38.49999999999999,20,0.0823820784687996
652,38.49999999999999,20,0.12479065582156182
653,38.49999999999999,20,0.09047100841999053
654,38.49999999999999,20,0.05979538671672344
655,38.49999999999999,20,0.08445852873846889
656,38.49999999999999,20,0.0598687160294503
657,38.49999999999999,20,0.059832260757684705
658,38.49999999999999,20,0.06286151343956589
659,38.49999999999999,20,0.05134038692340255
660,38.49999999999999,20,0.0710724100470543
661,38.49999999999999,20,0.06883038305677473
662,38.49999999999999,20,0.0712289777584374
663,38.49999999999999,20,0.06993937841616571
664,38.49999999999999,20,0.09804162420332432
665,38.49999999999999,20,0.07902899030596018
666,38.49999999999999,20,0.10213723462074994
667,38.49999999999999,20,0.08763703471049666
668,38.49999999999999,20,0.05134304733946919
669,38.49999999999999,20,0.061981185572221875
670,38.49999999999999,20,0.0975704152137041
671,38.49999999999999,20,0.06084254179149866
672,38.49999999999999,20,0.059275857824832204
673,38.49999999999999,20,0.06967757409438491
674,38.49999999999999,20,0.08165446785278618
675,38.49999999999999,20,0.060664854291826484
676,38.49999999999999,20,0.05085227838717401
677,37.300000000000004,20,0.37119723185896875
678,38.49999999999999,20,0.058138268440961836
679,38.1,20,0.2336854824796319
680,38.49999999999999,20,0.07936501558870077
681,38.49999999999999,20,0.0677375653758645
682,38.49999999999999,20,0.10328535735607147
683,37.699999999999996,20,0.2961313610896468
684,38.49999999999999,20,0.09441697224974632
685,37.900000000000006,20,0.3130442760884762
686,38.49999999999999,20,0.09048365945927798
687,37.89999999999999,20,0.3110201908275485
688,38.49999999999999,20,0.0546679129358381
689,37.50000000000001,20,0.3160967878997326
690,38.49999999999999,20,0.059139914251863955
691,38.49999999999999,20,0.1804553061723709
692,38.49999999999999,20,0.07252635145559908
693,38.49999999999999,20,0.056303777173161505
694,38.49999999999999,20,0.09200132014229893
695,38.49999999999999,20,0.1530874166637659
696,38.1,20,0.3004211388528347
697,38.49999999999999,20,0.11869837101548911
698,37.89999999999999,20,0.21216300930827856
699,38.49999999999999,20,0.09779741726815701
700,37.29999999999999,20,0.28194763157516717
701,38.49999999999999,20,0.05796294035390019
702,38.49999999999999,20,0.0645683269482106
703,38.49999999999999,20,0.0582418458070606
704,37.89999999999999,20,0.236389921605587
705,38.49999999999999,20,0.07902251416817307
706,38.49999999999999,20,0.06295103491283953
707,38.49999999999999,20,0.1119251199066639
708,38.49999999999999,20,0.060685406904667616
709,38.49999999999999,20,0.07096441071480512
710,38.49999999999999,20,0.22918610461056232
711,38.49999999999999,20,0.05363525375723839
712,38.49999999999999,20,0.08434998821467161
713,38.49999999999999,20,0.06040550172328949
714,38.49999999999999,20,0.05619802670553327
715,38.49999999999999,20,0.07777058957144618
716,38.49999999999999,20,0.1066845559515059
717,38.49999999999999,20,0.05989517271518707
718,38.49999999999999,20,0.11052975337952375
719,38.49999999999999,20,0.06596996607258916
720,38.49999999999999,20,0.15040374286472796
721,38.49999999999999,20,0.1399780030362308
722,38.49999999999999,20,0.056348441168665886
723,38.49999999999999,20,0.21932927817106246
724,37.89999999999999,20,0.21826619179919363
725,38.49999999999999,20,0.0631183907855302
726,37.7,20,0.3518274512141943
727,38.49999999999999,20,0.06925531416200101
728,38.1,20,0.19689117828384042
729,38.49999999999999,20,0.07556637953966856
730,38.49999999999999,20,0.06798572950065136
731,38.49999999999999,20,0.06418118593282998
732,38.49999999999999,20,0.07855263017117978
733,38.49999999999999,20,0.23604105915874243
734,38.49999999999999,20,0.07174778562039137
735,38.49999999999999,20,0.08075544936582446
736,38.49999999999999,20,0.07509787902235984
737,38.49999999999999,20,0.06825183928012848
738,38.49999999999999,20,0.07434258973225952
739,38.49999999999999,20,0.060381766455247995
740,37.89999999999999,20,0.27692540902644397
741,38.49999999999999,20,0.10985507415607572
742,38.49999999999999,20,0.05231427955441177
743,38.49999999999999,20,0.07092235125601291
744,38.1,20,0.24238952212035655
745,37.49999999999999,20,0.3358123252168298
746,38.49999999999999,20,0.0759204315021634
747,38.49999999999999,20,0.0806585239712149
748,38.49999999999999,20,0.09325015293434262
749,38.49999999999999,20,0.06938423071987927
750,38.49999999999999,20,0.061925043677911164
751,38.49999999999999,20,0.07849642308428884
752,38.49999999999999,20,0.07655520560219883
753,38.49999999999999,20,0.0608993757981807
754,37.7,20,0.28600345477461814
755,38.49999999999999,20,0.07190805859863758
756,38.49999999999999,20,0.060425183502957225
757,38.49999999999999,20,0.1419797466136515
758,38.49999999999999,20,0.08526088306680321
759,38.49999999999999,20,0.15288120806217192
760,38.49999999999999,20,0.05297292433679104
761,38.49999999999999,20,0.06733311098068953
762,38.49999999999999,20,0.08060725023970008
763,38.49999999999999,20,0.05810958556830883
764,38.49999999999999,20,0.07951399739831685
765,38.49999999999999,20,0.07010747599415482
766,37.89999999999999,20,0.20371247055009006
767,38.49999999999999,20,0.1648246206343174
768,38.49999999999999,20,0.0648352213203907
769,38.49999999999999,20,0.08352882075123488
770,38.49999999999999,20,0.1472099419683218
771,38.49999999999999,20,0.11812212271615863
772,38.49999999999999,20,0.07008585906587542
773,37.300000000000004,20,0.39041280671954154
774,38.49999999999999,20,0.1213114783167839
775,38.49999999999999,20,0.06621324038133025
776,38.49999999999999,20,0.06587145891971886
777,37.89999999999999,20,0.2783395843580365
778,38.49999999999999,20,0.09973047422245145
779,38.49999999999999,20,0.06536064012907446
780,38.49999999999999,20,0.15743675604462623
781,37.89999999999999,20,0.2684675997123122
782,38.49999999999999,20,0.05415186104364693
783,38.49999999999999,20,0.05721843228675425
784,38.49999999999999,20,0.06940492512658239
785,38.49999999999999,20,0.14930222276598215
786,38.49999999999999,20,0.059191777696833016
787,38.49999999999999,20,0.061199411284178495
788,38.49999999999999,20,0.08127285093069077
789,38.49999999999999,20,0.10987244164571167
790,38.49999999999999,20,0.17187018189579248
791,38.49999999999999,20,0.06206388622522354
792,38.49999999999999,20,0.13020360562950373
793,38.49999999999999,20,0.08090351466089488
794,38.49999999999999,20,0.10907444730401039
795,38.49999999999999,20,0.0982415764592588
796,38.49999999999999,20,0.10457943510264159
797,38.49999999999999,20,0.05979737676680088
798,38.49999999999999,20,0.10068893311545253
799,38.49999999999999,20,0.11858354061841965
800,38.49999999999999,20,0.10334984697401524
801,38.49999999999999,20,0.06033804561011493
802,38.49999999999999,20,0.186626691929996
803,38.49999999999999,20,0.06065803770907223
804,37.49999999999999,20,0.33944333121180537
805,38.49999999999999,20,0.0714087366592139
806,37.7,20,0.3037698622792959
807,38.49999999999999,20,0.059045187290757896
808,38.49999999999999,20,0.059095366206020114
809,38.49999999999999,20,0.07118701445870101
810,38.49999999999999,20,0.16317115239799024
811,37.900000000000006,20,0.3327904656529427
812,38.49999999999999,20,0.08420061767101288
813,38.49999999999999,20,0.06141599197871983
814,38.49999999999999,20,0.12999420687556268
815,38.49999999999999,20,0.0682813833002001
816,38.49999999999999,20,0.09547118889167905
817,38.49999999999999,20,0.06086619896814227
818,38.49999999999999,20,0.05325427846983075
819,38.49999999999999,20,0.0898797845467925
820,38.49999999999999,20,0.18982202503830195
821,38.49999999999999,20,0.06603790391236544
822,38.49999999999999,20,0.22834732979536057
823,38.49999999999999,20,0.059502005204558374
824,38.49999999999999,20,0.07235479289665818
825,38.49999999999999,20,0.23653919994831085
826,38.49999999999999,20,0.23748596310615538
827,38.49999999999999,20,0.07599009992554784
828,38.49999999999999,20,0.07618085211142897
829,38.49999999999999,20,0.11971975602209568
830,38.49999999999999,20,0.06717037013731897
831,38.49999999999999,20,0.05969619862735272
832,38.49999999999999,20,0.1312857698649168
833,38.49999999999999,20,0.18640183955430983
834,38.49999999999999,20,0.0610526486299932
835,38.49999999999999,20,0.0842791136354208
836,38.49999999999999,20,0.17877661287784577
837,38.49999999999999,20,0.06787693412043154
838,38.49999999999999,20,0.07795893140137196
839,38.49999999999999,20,0.21847644876688718
840,38.49999999999999,20,0.11319931354373694
841,38.49999999999999,20,0.05941405575722456
842,38.49999999999999,20,0.14250927977263927
843,38.49999999999999,20,0.058425024757161735
844,38.49999999999999,20,0.09301458969712258
845,38.49999999999999,20,0.18993199225515128
846,38.49999999999999,20,0.19223843850195407
847,38.49999999999999,20,0.05959138609468937
848,38.49999999999999,20,0.060088232485577465
849,38.49999999999999,20,0.06285127555020154
850,38.49999999999999,20,0.14213053435087203
851,38.49999999999999,20,0.05524490075185895
852,38.49999999999999,20,0.05962295727804303
853,38.49999999999999,20,0.08338647894561291
854,38.49999999999999,20,0.06859826892614365
855,37.7,20,0.3764716938138008
856,38.49999999999999,20,0.1243282361421734
857,38.49999999999999,20,0.05465683131478727
858,37.49999999999999,20,0.3340567346662283
859,38.1,20,0.3801894225180149
860,38.1,20,0.1686358436010778
861,38.49999999999999,20,0.1149820115417242
862,37.699999999999996,20,0.3494040107354522
863,38.49999999999999,20,0.18528594113886357
864,38.49999999999999,20,0.0709332415368408
865,38.49999999999999,20,0.10333114014938474
866,38.1,20,0.29460453633219
867,38.49999999999999,20,0.06750490805134177
868,38.49999999999999,20,0.0722490488551557
869,38.49999999999999,20,0.17516961731016636
870,38.49999999999999,20,0.08122609201818705
871,38.49999999999999,20,0.0898520365357399
872,38.49999999999999,20,0.07894036513753236
873,37.89999999999999,20,0.253947533108294
874,38.49999999999999,20,0.06272726305760443
875,37.89999999999999,20,0.2081848917528987
876,37.89999999999999,20,0.24506007013842462
877,38.49999999999999,20,0.13439624048769475
878,38.49999999999999,20,0.18180604018270968
879,38.49999999999999,20,0.09578277431428432
880,38.49999999999999,20,0.0692164903972298
881,37.89999999999999,20,0.23953297445550562
882,38.49999999999999,20,0.08618772225454449
883,38.49999999999999,20,0.12878516586497427
884,38.49999999999999,20,0.11244372609071433
885,38.49999999999999,20,0.08019709344953299
886,38.49999999999999,20,0.11523620402440429
887,38.49999999999999,20,0.08085914920084178
888,38.49999999999999,20,0.07621035166084766
889,38.49999999999999,20,0.0712954924441874
890,38.49999999999999,20,0.06557170557789505
891,37.50000000000001,20,0.37831800654530523
892,38.49999999999999,20,0.06331812641583383
893,38.49999999999999,20,0.052432157285511496
894,38.49999999999999,20,0.06067621260881424
895,38.49999999999999,20,0.056206437712535265
896,38.49999999999999,20,0.08736949949525297
897,38.49999999999999,20,0.07925216257572174
898,38.49999999999999,20,0.23200104907155036
899,38.49999999999999,20,0.06673982348293066
900,38.49999999999999,20,0.06524194935336709
901,38.49999999999999,20,0.05534919798374176
902,38.49999999999999,20,0.058462100988253954
903,38.49999999999999,20,0.09835267066955566
904,38.49999999999999,20,0.16319256722927095
905,38.49999999999999,20,0.0819985386915505
906,38.49999999999999,20,0.06092300768941641
907,38.49999999999999,20,0.10745420474559068
908,38.49999999999999,20,0.06282372740097344
909,38.49999999999999,20,0.144531936571002
910,38.49999999999999,20,0.06392725431360305
911,38.49999999999999,20,0.07540519526228309
912,38.49999999999999,20,0.07792330961674451
913,38.49999999999999,20,0.05937054855749011
914,38.49999999999999,20,0.12836602749302983
915,38.49999999999999,20,0.06500563840381801
916,38.49999999999999,20,0.05560432253405452
917,38.49999999999999,20,0.059926620498299596
918,38.49999999999999,20,0.18807483669370412
919,38.49999999999999,20,0.1267860564403236
920,38.49999999999999,20,0.19916448667645453
921,38.49999999999999,20,0.07874133503064513
922,38.49999999999999,20,0.05861211041919887
923,38.49999999999999,20,0.0925976725295186
924,38.49999999999999,20,0.15075747845694423
925,38.49999999999999,20,0.0630545096937567
926,38.49999999999999,20,0.14106556037440895
927,38.49999999999999,20,0.06910952432081104
928,38.49999999999999,20,0.0633629618678242
929,37.300000000000004,20,0.4037202663719654
930,38.49999999999999,20,0.057485409639775754
931,38.49999999999999,20,0.06826637689955532
932,37.89999999999999,20,0.22512820577248932
933,38.49999999999999,20,0.12426036121323705
934,38.49999999999999,20,0.05188682610169053
935,38.49999999999999,20,0.056380617106333374
936,37.89999999999999,20,0.24542180793359875
937,38.49999999999999,20,0.11028391364961862
938,38.49999999999999,20,0.10681244283914566
939,38.49999999999999,20,0.1654558865353465
940,38.49999999999999,20,0.06832251506857574
941,37.89999999999999,20,0.1920567608438432
942,38.49999999999999,20,0.08141022101044655
943,38.49999999999999,20,0.17049435023218393
944,38.49999999999999,20,0.09106101635843515
945,38.49999999999999,20,0.060040900204330686
946,38.49999999999999,20,0.09670081678777934
947,38.49999999999999,20,0.07971396101638675
948,38.49999999999999,20,0.06101864203810692
949,38.49999999999999,20,0.08678274694830179
950,38.49999999999999,20,0.06496403170749546
951,38.49999999999999,20,0.061416977643966676
952,38.49999999999999,20,0.09177091349847614
953,38.49999999999999,20,0.07481648111715913
954,37.89999999999999,20,0.2492102414369583
955,38.49999999999999,20,0.11062211664393544
956,38.49999999999999,20,0.07473990856669843
957,38.49999999999999,20,0.07645963076502085
958,38.49999999999999,20,0.05626952392049134
959,38.49999999999999,20,0.07062825448811054
960,38.49999999999999,20,0.0651460865046829
961,38.49999999999999,20,0.06721278624609113
962,38.49999999999999,20,0.061480446299538014
963,38.49999999999999,20,0.05888915793038905
964,38.49999999999999,20,0.06447825585491955
965,38.49999999999999,20,0.05822860589250922
966,38.49999999999999,20,0.07465715650469065
967,38.49999999999999,20,0.11577349705621601
968,37.7,20,0.33490197621285916
969,38.49999999999999,20,0.2030068591237068
970,38.49999999999999,20,0.06366503052413464
971,38.49999999999999,20,0.059045599214732646
972,38.49999999999999,20,0.07891913214698434
973,38.49999999999999,20,0.08413643464446068
974,38.49999999999999,20,0.058477330533787605
975,38.49999999999999,20,0.0720255484804511
976,38.49999999999999,20,0.07757905842736364
977,38.49999999999999,20,0.09307608669623732
978,38.49999999999999,20,0.1280457129701972
979,38.49999999999999,20,0.06239968887530267
980,38.49999999999999,20,0.06310248803347349
981,38.49999999999999,20,0.18156521078199148
982,38.49999999999999,20,0.14825437255203724
983,38.49999999999999,20,0.06347827329300344
984,38.49999999999999,20,0.07014255602844059
985,38.49999999999999,20,0.05531533630564809
986,38.49999999999999,20,0.05136840767227113
987,38.49999999999999,20,0.07699433299712836
988,38.49999999999999,20,0.09415595908649266
989,38.49999999999999,20,0.07372378576546908
990,37.89999999999999,20,0.2627787781879306
991,37.49999999999999,20,0.3384718427434564
992,38.49999999999999,20,0.12028405703604221
993,38.49999999999999,20,0.06465943902730942
994,38.49999999999999,20,0.05186935635283589
995,38.49999999999999,20,0.17947395145893097
996,38.49999999999999,20,0.05347481938079
997,38.49999999999999,20,0.06507155327126384
998,38.49999999999999,20,0.07436342556029558
999,38.49999999999999,20,0.08373960582539439
1000,38.49999999999999,20,0.18820912390947342
